State;Location;Date Posted;Date Collected;Sample Type;Unit;Ba-140;Co-60;Cs-134;Cs-136;Cs-137;I-131;I-132;I-133;Te-129;Te-129m;Te-132
ID;Boise;2011-03-30;2011-03-23;Air Filter;pCi/m3;;;;;;0.08800000000000001;;;;;
ID;Boise;2011-03-30;2011-03-23;Air Filter;pCi/m3;;;;;;0.055;;;;;
AK;Juneau;2011-03-30;2011-03-23;Air Filter;pCi/m3;;;0.0057;;0.0074;0.067;;;;;0.0043
AK;Nome;2011-03-30;2011-03-22;Air Filter;pCi/m3;;;;;;0.096;;;;;
AK;Nome;2011-03-30;2011-03-23;Air Filter;pCi/m3;;;;;;0.22;;;;;
AK;Nome;2011-03-30;2011-03-23;Air Filter;pCi/m3;;;0.016;;0.023;0.2;0.019;;;;0.027000000000000003
AK;Nome;2011-04-04;2011-03-24;Air Filter;pCi/m3;;;0.14;;0.12;0.43;0.094;;;;0.14
AK;Nome;2011-04-04;2011-03-24;Air Filter;pCi/m3;;;0.1;0.012;0.13;0.39;0.076;;0.12;0.061;0.12
HI;Oahu;2011-03-30;2011-03-20;Air Filter;pCi/m3;;;0.034;;0.021;0.2;;;;;
HI;Oahu;2011-03-30;2011-03-20;Air Filter;pCi/m3;;;0.027999999999999997;;0.036000000000000004;0.14;0.02;;;;0.028999999999999998
HI;Oahu;2011-03-30;2011-03-21;Air Filter;pCi/m3;;;0.076;;0.092;0.64;0.052000000000000005;;;;0.063
HI;Oahu;2011-04-04;2011-03-21;Air Filter;pCi/m3;;;0.09300000000000001;;0.12;0.66;;;;;0.051
HI;Oahu;2011-03-30;2011-03-23;Air Filter;pCi/m3;;;;;;0.059000000000000004;;;;;
CA;Anaheim;2011-03-30;2011-03-20;Air Cartridge;pCi/m3;;;;;;0.87;;;;;
CA;Anaheim;2011-03-30;2011-03-21;Air Cartridge;pCi/m3;;;;;;1.9;;;;;
HI;Oahu;2011-03-30;2011-03-23;Air Filter;pCi/m3;;;0.013000000000000001;;0.016;0.053;;;;;0.0087
CA;Anaheim;2011-04-04;2011-03-25;Air Filter;pCi/m3;;;0.026000000000000002;;0.031;0.22;0.02;;;;0.023
CA;Anaheim;2011-03-30;2011-03-22;Air Cartridge;pCi/m3;;;;;;0.53;;;;;
AK;Nome;2011-03-30;2011-03-22;Air Cartridge;pCi/m3;;;;;;0.34;;;;;
AK;Nome;2011-03-30;2011-03-23;Air Cartridge;pCi/m3;;;;;;0.78;;;;;
HI;Oahu;2011-03-30;2011-03-20;Air Cartridge;pCi/m3;;;;;;0.76;;;;;
HI;Oahu;2011-03-30;2011-03-21;Air Cartridge;pCi/m3;;;;;;1.4;;;;;
HI;Oahu;2011-03-30;2011-03-23;Air Cartridge;pCi/m3;;;;;;0.18;;;;;
CA;San Bernardino;2011-03-30;2011-03-23;Air Cartridge;pCi/m3;;;;;;0.45;;;;;
CA;Anaheim;2011-03-30;2011-03-11;Air Filter;pCi/m3;;;;;;;;;;;
CA;Anaheim;2011-03-30;2011-03-15;Air Filter;pCi/m3;;;;;;;;;;;
CA;Anaheim;2011-03-30;2011-03-18;Air Filter;pCi/m3;;;0.0012;;0.0017;0.046;0.0095;;;;0.012
CA;Anaheim;2011-03-30;2011-03-20;Air Filter;pCi/m3;;;;;;0.13;;;;;0.019
CA;Anaheim;2011-03-30;2011-03-20;Air Filter;pCi/m3;;;0.0076;;0.008;0.13;0.018000000000000002;;;;0.022000000000000002
CA;Anaheim;2011-03-30;2011-03-21;Air Filter;pCi/m3;;;;;;0.17;;;;;0.031
CA;Anaheim;2011-03-30;2011-03-21;Air Filter;pCi/m3;;;0.017;;0.021;0.15;0.022000000000000002;;;;0.031
CA;Anaheim;2011-03-30;2011-03-22;Air Filter;pCi/m3;;;;;;0.09300000000000001;;;;;
CA;Anaheim;2011-03-30;2011-03-22;Air Filter;pCi/m3;;;;;0.0015;0.08;;;;;
ID;Boise;2011-03-30;2011-03-21;Air Filter;pCi/m3;;;;;;0.13;;;;;
ID;Boise;2011-03-30;2011-03-21;Air Filter;pCi/m3;;;0.012;;0.017;0.11;;;;;0.01
ID;Boise;2011-03-30;2011-03-22;Air Filter;pCi/m3;;;0.0084;;0.0096;0.098;;;;;0.0052
CA;Anaheim;2011-04-04;2011-03-23;Air Cartridge;pCi/m3;;;;;;0.3;;;;;
CA;Anaheim;2011-04-04;2011-03-23;Air Cartridge;pCi/m3;;;;;;;;;;;
ID;Boise;2011-04-04;2011-03-21;Air Cartridge;pCi/m3;;;;;;0.5;;;;;
ID;Boise;2011-03-30;2011-03-22;Air Cartridge;pCi/m3;;;;;;0.66;;;;;
ID;Boise;2011-03-30;2011-03-23;Air Cartridge;pCi/m3;;;;;;0.49;;;;;
ID;Boise;2011-04-04;2011-03-23;Air Cartridge;pCi/m3;;;;;;0.37;;;;;
ID;Boise;2011-04-04;2011-03-24;Air Cartridge;pCi/m3;;;;;;0.77;;;;;
ID;Boise;2011-04-04;2011-03-25;Air Cartridge;pCi/m3;;;;;;0.75;;;;;
ID;Boise;2011-04-04;2011-03-26;Air Cartridge;pCi/m3;;;;;;0.41;;;;;
ID;Boise;2011-04-08;2011-03-27;Air Cartridge;pCi/m3;;;;;;0.22;;;;;
ID;Boise;2011-04-08;2011-03-28;Air Cartridge;pCi/m3;;;;;;0.32;;;;;
ID;Boise;2011-04-08;2011-03-29;Air Cartridge;pCi/m3;;;;;;0.27;;;;;
ID;Boise;2011-04-10;2011-03-30;Air Cartridge;pCi/m3;;;;;;0.24;;;;;
ID;Boise;2011-04-10;2011-04-01;Air Cartridge;pCi/m3;;;;;;;;;;;
ID;Boise;2011-04-10;2011-04-01;Air Cartridge;pCi/m3;;;;;;0.048;;;;;
ID;Boise;2011-04-10;2011-04-02;Air Cartridge;pCi/m3;;;;;;;;;;;
ID;Boise;2011-04-10;2011-04-03;Air Cartridge;pCi/m3;;;;;;0.055;;;;;
AK;Dutch Harbor;2011-03-30;2011-03-19;Air Cartridge;pCi/m3;;;;;;2.4;;;;;
AK;Dutch Harbor;2011-03-30;2011-03-20;Air Cartridge;pCi/m3;;;;;;2.8;;;;;
AK;Dutch Harbor;2011-03-30;2011-03-21;Air Cartridge;pCi/m3;;;;;;0.52;;;;;
AK;Dutch Harbor;2011-03-30;2011-03-22;Air Cartridge;pCi/m3;;;;;;0.78;;;;;
AK;Dutch Harbor;2011-04-04;2011-03-23;Air Cartridge;pCi/m3;;;;;;0.069;;;;;
AK;Dutch Harbor;2011-04-04;2011-03-24;Air Cartridge;pCi/m3;;;;;;;;;;;
AK;Dutch Harbor;2011-04-09;2011-03-25;Air Cartridge;pCi/m3;;;;;;0.39;;;;;
AK;Dutch Harbor;2011-04-08;2011-03-26;Air Cartridge;pCi/m3;;;;;;0.21;;;;;
AK;Dutch Harbor;2011-04-09;2011-03-27;Air Cartridge;pCi/m3;;;;;;;;;;;
AK;Dutch Harbor;2011-04-09;2011-03-27;Air Cartridge;pCi/m3;;;;;;0.2;;;;;
AK;Dutch Harbor;2011-04-09;2011-03-28;Air Cartridge;pCi/m3;;;;;;0.19;;;;;
AK;Dutch Harbor;2011-04-08;2011-03-29;Air Cartridge;pCi/m3;;;;;;0.11;;;;;
AK;Dutch Harbor;2011-04-08;2011-03-30;Air Cartridge;pCi/m3;;;;;;0.14;;;;;
AK;Dutch Harbor;2011-04-10;2011-03-31;Air Cartridge;pCi/m3;;;;;;0.06;;;;;
AK;Dutch Harbor;2011-04-10;2011-04-01;Air Cartridge;pCi/m3;;;;;;;;;;;
AK;Dutch Harbor;2011-04-10;2011-04-02;Air Cartridge;pCi/m3;;;;;;0.076;;;;;
Guam;Guam;2011-03-30;2011-03-19;Air Cartridge;pCi/m3;;;;;;;;;;;
AK;Dutch Harbor;2011-03-30;2011-03-19;Air Filter;pCi/m3;;;0.037000000000000005;;0.053;0.66;0.17;;;;0.19
Guam;Guam;2011-03-30;2011-03-20;Air Cartridge;pCi/m3;;;;;;;;;;;
Guam;Guam;2011-03-30;2011-03-21;Air Cartridge;pCi/m3;;;;;;0.64;;;;;
Guam;Guam;2011-03-30;2011-03-23;Air Cartridge;pCi/m3;;;;;;0.19;;;;;
Guam;Guam;2011-04-04;2011-03-23;Air Cartridge;pCi/m3;;;;;;;;;;;
Guam;Guam;2011-04-04;2011-03-24;Air Cartridge;pCi/m3;;;;;;;;;;;
Guam;Guam;2011-04-08;2011-03-25;Air Cartridge;pCi/m3;;;;;;;;;;;
Guam;Guam;2011-04-08;2011-03-26;Air Cartridge;pCi/m3;;;;;;;;;;;
Guam;Guam;2011-04-08;2011-03-27;Air Cartridge;pCi/m3;;;;;;;;;;;
Guam;Guam;2011-04-09;2011-03-28;Air Cartridge;pCi/m3;;;;;;;;;;;
Guam;Guam;2011-04-08;2011-03-29;Air Cartridge;pCi/m3;;;;;;;;;;;
Guam;Guam;2011-04-10;2011-03-30;Air Cartridge;pCi/m3;;;;;;;;;;;
Guam;Guam;2011-04-10;2011-03-31;Air Cartridge;pCi/m3;;;;;;;;;;;
Guam;Guam;2011-04-10;2011-04-01;Air Cartridge;pCi/m3;;;;;;;;;;;
Guam;Guam;2011-04-10;2011-04-02;Air Cartridge;pCi/m3;;;;;;;;;;;
Guam;Guam;2011-04-10;2011-04-03;Air Cartridge;pCi/m3;;;;;;;;;;;
Guam;Guam;2011-04-10;2011-04-04;Air Cartridge;pCi/m3;;;;;;;;;;;
AK;Juneau;2011-03-30;2011-03-21;Air Cartridge;pCi/m3;;;;;;0.037000000000000005;;;;;
AK;Juneau;2011-03-30;2011-03-22;Air Cartridge;pCi/m3;;;;;;0.18;;;;;
AK;Juneau;2011-03-30;2011-03-23;Air Cartridge;pCi/m3;;;;;;0.25;;;;;
AK;Juneau;2011-04-04;2011-03-24;Air Cartridge;pCi/m3;;;;;;0.22;;;;;
AK;Juneau;2011-04-04;2011-03-25;Air Cartridge;pCi/m3;;;;;;0.09300000000000001;;;;;
AK;Juneau;2011-04-08;2011-03-26;Air Cartridge;pCi/m3;;;;;;0.43;;;;;
AK;Juneau;2011-04-08;2011-03-27;Air Cartridge;pCi/m3;;;;;;0.38;;;;;
AK;Juneau;2011-04-09;2011-03-28;Air Cartridge;pCi/m3;;;;;;0.28;;;;;
AK;Juneau;2011-04-09;2011-03-29;Air Cartridge;pCi/m3;;;;;;0.31;;;;;
AK;Juneau;2011-04-08;2011-03-30;Air Cartridge;pCi/m3;;;;;;0.14;;;;;
AK;Juneau;2011-04-10;2011-03-31;Air Cartridge;pCi/m3;;;;;;0.061;;;;;
AK;Juneau;2011-04-10;2011-04-01;Air Cartridge;pCi/m3;;;;;;0.098;;;;;
AK;Juneau;2011-04-10;2011-04-02;Air Cartridge;pCi/m3;;;;;;0.071;;;;;
AK;Juneau;2011-04-10;2011-04-03;Air Cartridge;pCi/m3;;;;;;0.077;;;;;
AK;Juneau;2011-04-10;2011-04-04;Air Cartridge;pCi/m3;;;;;;0.073;;;;;
AK;Juneau;2011-04-10;2011-04-05;Air Cartridge;pCi/m3;;;;;;;;;;;
HI;Kauai;2011-04-04;2011-03-21;Air Cartridge;pCi/m3;;;;;;1.07;;;;;
HI;Kauai;2011-04-04;2011-03-22;Air Cartridge;pCi/m3;;;;;;0.18;;;;;
HI;Kauai;2011-04-04;2011-03-23;Air Cartridge;pCi/m3;;;;;;0.3;;;;;
HI;Kauai;2011-04-04;2011-03-24;Air Cartridge;pCi/m3;;;;;;0.16;;;;;
HI;Kauai;2011-04-09;2011-03-25;Air Cartridge;pCi/m3;;;;;;0.56;;;;;
HI;Kauai;2011-04-09;2011-03-26;Air Cartridge;pCi/m3;;;;;;0.47;;;;;
HI;Kauai;2011-04-09;2011-03-27;Air Cartridge;pCi/m3;;;;;;0.35;;;;;
HI;Kauai;2011-04-10;2011-03-28;Air Cartridge;pCi/m3;;;;;;;;;;;
HI;Kauai;2011-04-10;2011-03-29;Air Cartridge;pCi/m3;;;;;;;;;;;
HI;Kauai;2011-04-10;2011-03-30;Air Cartridge;pCi/m3;;;;;;;;;;;
HI;Kauai;2011-04-10;2011-03-31;Air Cartridge;pCi/m3;;;;;;0.086;;;;;
HI;Kauai;2011-04-10;2011-04-01;Air Cartridge;pCi/m3;;;;;;;;;;;
HI;Kauai;2011-04-10;2011-04-02;Air Cartridge;pCi/m3;;;;;;;;;;;
HI;Kauai;2011-04-10;2011-04-03;Air Cartridge;pCi/m3;;;;;;;;;;;
NV;Las Vegas;2011-03-30;2011-03-18;Air Cartridge;pCi/m3;;;;;;0.18;;;;;
NV;Las Vegas;2011-03-30;2011-03-21;Air Cartridge;pCi/m3;;;;;;1.1;;;;;
NV;Las Vegas;2011-03-30;2011-03-22;Air Cartridge;pCi/m3;;;;;;0.64;;;;;
NV;Las Vegas;2011-03-30;2011-03-23;Air Cartridge;pCi/m3;;;;;;0.35;;;;;
NV;Las Vegas;2011-04-04;2011-03-24;Air Cartridge;pCi/m3;;;;;;0.61;;;;;
NV;Las Vegas;2011-04-04;2011-03-25;Air Cartridge;pCi/m3;;;;;;0.8;;;;;
NV;Las Vegas;2011-04-08;2011-03-28;Air Cartridge;pCi/m3;;;;;;0.3;;;;;
NV;Las Vegas;2011-04-08;2011-03-29;Air Cartridge;pCi/m3;;;;;;0.044000000000000004;;;;;
NV;Las Vegas;2011-04-08;2011-03-30;Air Cartridge;pCi/m3;;;;;;0.08800000000000001;;;;;
NV;Las Vegas;2011-04-10;2011-03-31;Air Cartridge;pCi/m3;;;;;;0.1;;;;;
NV;Las Vegas;2011-04-10;2011-04-01;Air Cartridge;pCi/m3;;;;;;;;;;;
AL;Montgomery;2011-03-30;2011-03-24;Air Cartridge;pCi/m3;;;;;;0.15;;;;;
AL;Montgomery;2011-04-04;2011-03-28;Air Cartridge;pCi/m3;;;;;;0.12;;;;;
AL;Montgomery;2011-04-08;2011-03-31;Air Cartridge;pCi/m3;;;;;;0.055;;;;;
AL;Montgomery;2011-04-10;2011-04-04;Air Cartridge;pCi/m3;;;;;;0.069;;;;;
AL;Montgomery;2011-04-10;2011-04-05;Air Cartridge;pCi/m3;;;;;;;;;;;
AK;Nome;2011-03-30;2011-03-20;Air Cartridge;pCi/m3;;;;;;0.11;;;;;
AK;Nome;2011-03-30;2011-03-21;Air Cartridge;pCi/m3;;;;;;0.41;;;;;
AK;Nome;2011-04-04;2011-03-24;Air Cartridge;pCi/m3;;;;;;1.46;;;;;
AK;Nome;2011-04-08;2011-03-25;Air Cartridge;pCi/m3;;;;;;0.26;;;;;
AK;Nome;2011-04-08;2011-03-26;Air Cartridge;pCi/m3;;;;;;0.46;;;;;
AK;Nome;2011-04-08;2011-03-27;Air Cartridge;pCi/m3;;;;;;0.36;;;;;
AK;Nome;2011-04-10;2011-03-28;Air Cartridge;pCi/m3;;;;;;0.23;;;;;
AK;Nome;2011-04-08;2011-03-29;Air Cartridge;pCi/m3;;;;;;0.36;;;;;
AK;Nome;2011-04-08;2011-03-30;Air Cartridge;pCi/m3;;;;;;0.17;;;;;
AK;Nome;2011-04-10;2011-03-31;Air Cartridge;pCi/m3;;;;;;0.061;;;;;
AK;Nome;2011-04-10;2011-04-01;Air Cartridge;pCi/m3;;;;;;0.05;;;;;
AK;Nome;2011-04-10;2011-04-02;Air Cartridge;pCi/m3;;;;;;0.055999999999999994;;;;;
AK;Nome;2011-04-10;2011-04-03;Air Cartridge;pCi/m3;;;;;;0.08900000000000001;;;;;
AK;Nome;2011-04-10;2011-04-04;Air Cartridge;pCi/m3;;;;;;0.086;;;;;
AK;Nome;2011-04-10;2011-04-05;Air Cartridge;pCi/m3;;;;;;0.14;;;;;
ID;Boise;2011-04-04;2011-03-23;Air Filter;pCi/m3;;;0.047;0.0071;0.062;0.84;0.027999999999999997;;;;0.051
AK;Nome;2011-04-10;2011-04-05;Air Cartridge;pCi/m3;;;;;;;;;;;
HI;Oahu;2011-04-04;2011-03-23;Air Cartridge;pCi/m3;;;;;;0.81;;;;;
HI;Oahu;2011-04-04;2011-03-24;Air Cartridge;pCi/m3;;;;;;0.25;;;;;
HI;Oahu;2011-04-04;2011-03-25;Air Cartridge;pCi/m3;;;;;;0.41;;;;;
HI;Oahu;2011-04-09;2011-03-26;Air Cartridge;pCi/m3;;;;;;0.52;;;;;
HI;Oahu;2011-04-09;2011-03-27;Air Cartridge;pCi/m3;;;;;;0.27;;;;;
HI;Oahu;2011-04-09;2011-03-28;Air Cartridge;pCi/m3;;;;;;0.13;;;;;
HI;Oahu;2011-04-08;2011-03-29;Air Cartridge;pCi/m3;;;;;;;;;;;
HI;Oahu;2011-04-08;2011-03-30;Air Cartridge;pCi/m3;;;;;;;;;;;
HI;Oahu;2011-04-10;2011-03-31;Air Cartridge;pCi/m3;;;;;;0.08900000000000001;;;;;
HI;Oahu;2011-04-10;2011-04-01;Air Cartridge;pCi/m3;;;;;;;;;;;
HI;Oahu;2011-04-10;2011-04-02;Air Cartridge;pCi/m3;;;;;;;;;;;
HI;Oahu;2011-04-10;2011-04-03;Air Cartridge;pCi/m3;;;;;;;;;;;
HI;Oahu;2011-04-10;2011-04-04;Air Cartridge;pCi/m3;;;;;;;;;;;
CNMI;Saipan;2011-03-30;2011-03-21;Air Cartridge;pCi/m3;;;;;;0.78;;;;;
CNMI;Saipan;2011-04-04;2011-03-22;Air Cartridge;pCi/m3;;;;;;0.58;;;;;
CNMI;Saipan;2011-04-04;2011-03-23;Air Cartridge;pCi/m3;;;;;;0.07200000000000001;;;;;
CNMI;Saipan;2011-04-04;2011-03-24;Air Cartridge;pCi/m3;;;;;;0.057;;;;;
CNMI;Saipan;2011-04-09;2011-03-25;Air Cartridge;pCi/m3;;;;;;0.22;;;;;
CNMI;Saipan;2011-04-09;2011-03-26;Air Cartridge;pCi/m3;;;;;;;;;;;
CNMI;Saipan;2011-04-09;2011-03-27;Air Cartridge;pCi/m3;;;;;;;;;;;
CNMI;Saipan;2011-04-08;2011-03-28;Air Cartridge;pCi/m3;;;;;;;;;;;
CNMI;Saipan;2011-04-10;2011-03-29;Air Cartridge;pCi/m3;;;;;;;;;;;
CNMI;Saipan;2011-04-10;2011-03-30;Air Cartridge;pCi/m3;;;;;;;;;;;
CNMI;Saipan;2011-04-10;2011-03-31;Air Cartridge;pCi/m3;;;;;;;;;;;
CNMI;Saipan;2011-04-10;2011-04-01;Air Cartridge;pCi/m3;;;;;;;;;;;
CNMI;Saipan;2011-04-10;2011-04-02;Air Cartridge;pCi/m3;;;;;;;;;;;
CA;San Bernardino;2011-03-30;2011-03-20;Air Cartridge;pCi/m3;;;;;;0.69;;;;;
CA;San Bernardino;2011-03-30;2011-03-22;Air Cartridge;pCi/m3;;;;;;1.1;;;;;
ID;Boise;2011-04-04;2011-03-23;Air Filter;pCi/m3;;;;;;0.068;;;;;
AK;Dutch Harbor;2011-03-30;2011-03-19;Air Filter;pCi/m3;;;0.043;;0.063;0.69;0.29;;;;0.4
AK;Dutch Harbor;2011-03-30;2011-03-20;Air Filter;pCi/m3;;;0.0098;;0.013999999999999999;0.2;0.034;;;;0.027999999999999997
AK;Dutch Harbor;2011-03-30;2011-03-22;Air Filter;pCi/m3;;;0.07200000000000001;;0.053;0.077;;;;;0.1
AK;Dutch Harbor;2011-03-30;2011-03-22;Air Filter;pCi/m3;;;0.069;;0.08800000000000001;0.078;0.079;;;;0.12
AK;Dutch Harbor;2011-04-04;2011-03-23;Air Filter;pCi/m3;;;;;;;;;;;
AK;Dutch Harbor;2011-04-04;2011-03-23;Air Filter;pCi/m3;;;0.012;;0.012;0.036000000000000004;0.011000000000000001;;;;0.018000000000000002
Guam;Guam;2011-03-30;2011-03-21;Air Filter;pCi/m3;;;0.018000000000000002;;0.021;0.13;0.02;;;;0.034
Guam;Guam;2011-03-30;2011-03-23;Air Filter;pCi/m3;;;;;;0.066;;;;;
Guam;Guam;2011-03-30;2011-03-23;Air Filter;pCi/m3;;;0.0034;;0.0047;0.052000000000000005;;;;;0.0076
HI;Honolulu;2011-03-30;2011-03-21;Air Filter;pCi/m3;;;0.0051;;0.006999999999999999;0.23;0.006;;;;0.0061
FL;Jacksonville;2011-04-04;2011-03-24;Air Filter;pCi/m3;;;0.0073;;0.0082;0.14;0.011000000000000001;;;;0.016
AK;Juneau;2011-03-30;2011-03-22;Air Filter;pCi/m3;;;;;;0.064;;;;;
AK;Juneau;2011-03-30;2011-03-22;Air Filter;pCi/m3;;;0.0036;;0.004;0.055999999999999994;;;;;0.0037
AK;Juneau;2011-03-30;2011-03-23;Air Filter;pCi/m3;;;;;;0.079;;;;;
AK;Juneau;2011-04-04;2011-03-24;Air Filter;pCi/m3;;;;;;0.035;;;;;
HI;Kauai;2011-04-04;2011-03-21;Air Filter;pCi/m3;;;0.079;;0.086;0.52;0.06;;;;0.064
HI;Kauai;2011-04-04;2011-03-21;Air Filter;pCi/m3;;;0.061;0.0083;0.075;0.39;0.042;;;;0.052000000000000005
HI;Kauai;2011-04-04;2011-03-22;Air Filter;pCi/m3;;;;;;0.08900000000000001;;;;;
HI;Kauai;2011-04-04;2011-03-22;Air Filter;pCi/m3;;;0.013999999999999999;;0.02;0.07;;;;;0.017
CNMI;Saipan;2011-03-30;2011-03-21;Air Filter;pCi/m3;;;0.033;;0.04;0.24;0.036000000000000004;;;;0.055999999999999994
NV;Las Vegas;2011-04-04;2011-03-18;Air Filter;pCi/m3;;;;;;0.096;;;;;
NV;Las Vegas;2011-04-04;2011-03-21;Air Filter;pCi/m3;;;0.052000000000000005;;0.048;0.21;0.039;;;;0.040999999999999995
NV;Las Vegas;2011-04-04;2011-03-21;Air Filter;pCi/m3;;;;;;;;;;;
NV;Las Vegas;2011-04-04;2011-03-22;Air Filter;pCi/m3;;;;;;0.06;;;;;
NV;Las Vegas;2011-04-04;2011-03-23;Air Filter;pCi/m3;;;;;;0.053;;;;;
NV;Las Vegas;2011-04-04;2011-03-24;Air Filter;pCi/m3;;;0.032;;0.057999999999999996;0.2;;;;;0.027000000000000003
AL;Montgomery;2011-04-04;2011-03-24;Air Filter;pCi/m3;;;;;;0.031;;;;;0.0094
AL;Montgomery;2011-04-04;2011-03-24;Air Filter;pCi/m3;;;;;0.0018;0.012;;;;;
AK;Nome;2011-03-30;2011-03-21;Air Filter;pCi/m3;;;;;0.015;0.069;;;;;
AK;Nome;2011-03-30;2011-03-22;Air Filter;pCi/m3;;;;;;0.068;;;;;
HI;Oahu;2011-04-04;2011-03-23;Air Filter;pCi/m3;;;;;;0.14;;;;;
HI;Oahu;2011-04-04;2011-03-23;Air Filter;pCi/m3;;;0.0064;;0.01;0.11;0.017;;;;0.026000000000000002
FL;Orlando;2011-04-04;2011-03-24;Air Filter;pCi/m3;;;0.015;0.0014;0.019;0.2;0.018000000000000002;;;0.13;0.024
AZ;Phoenix;2011-04-04;2011-03-22;Air Filter;pCi/m3;;;;;;;;;;;
CA;Riverside;2011-03-30;2011-03-15;Air Filter;pCi/m3;;;;;;;;;;;
CA;Riverside;2011-03-30;2011-03-18;Air Filter;pCi/m3;;;0.00023999999999999998;;0.00023999999999999998;0.011000000000000001;0.0011;;;;0.0014
CNMI;Saipan;2011-03-30;2011-03-21;Air Filter;pCi/m3;;;0.068;;;0.27;;;;;0.1
CNMI;Saipan;2011-04-04;2011-03-22;Air Filter;pCi/m3;;;;;;0.095;;;;;
CNMI;Saipan;2011-04-04;2011-03-22;Air Filter;pCi/m3;;;0.0058;;0.0042;0.08800000000000001;;;;;0.0083
UT;Salt Lake City;2011-04-04;2011-03-21;Air Filter;pCi/m3;;;0.013999999999999999;0.0029;0.018000000000000002;0.35;0.019;;;;0.025
UT;Salt Lake City;2011-04-04;2011-03-24;Air Filter;pCi/m3;;;;;;0.079;;;;;
CA;San Bernardino;2011-03-30;2011-03-20;Air Filter;pCi/m3;;;0.0088;;0.017;0.14;;;;;0.027000000000000003
CA;San Bernardino;2011-03-30;2011-03-20;Air Filter;pCi/m3;;;0.012;;0.013999999999999999;0.17;0.027000000000000003;;;;0.031
CA;San Bernardino;2011-03-30;2011-03-22;Air Filter;pCi/m3;;;;;0.018000000000000002;0.11;;;;;
CA;San Bernardino;2011-03-30;2011-03-22;Air Filter;pCi/m3;;;0.013000000000000001;;0.018000000000000002;0.11;0.018000000000000002;;;;0.027000000000000003
CA;San Bernardino;2011-03-30;2011-03-23;Air Filter;pCi/m3;;;;;;0.09300000000000001;;;;;
CA;San Bernardino;2011-03-30;2011-03-23;Air Filter;pCi/m3;;;;;;0.09300000000000001;;;;;
CA;San Francisco;2011-03-30;2011-03-18;Air Filter;pCi/m3;;;0.0009199999999999999;;0.0013;0.068;0.0066;0.002;;;0.0075
WA;Seattle;2011-03-30;2011-03-18;Air Filter;pCi/m3;;;0.0005200000000000001;;0.00045;0.013000000000000001;0.0029;;;;0.0034
FL;Tampa;2011-04-04;2011-03-24;Air Filter;pCi/m3;;;;;;;;;;;
NY;Albany;2011-04-08;2011-03-29;Drinking Water;pCi/l;;;;;;;;;;;
NY;Albany;2011-04-21;2011-04-13;Drinking Water;pCi/l;;;;;;;;;;;
VA;Ashland;2011-04-08;2011-03-29;Drinking Water;pCi/l;;;;;;;;;;;
VA;Ashland;2011-04-22;2011-04-15;Drinking Water;pCi/l;;;;;;;;;;;
TN;Oak Ridge/Y-12;2011-04-04;2011-03-17;Precipitation;pCi/l;;;;;;;;;;;
TX;Austin;2011-04-04;2011-03-28;Drinking Water;pCi/l;;;;;;;;;;;
TX;Austin;2011-06-01;2011-04-12;Drinking Water;pCi/l;;;;;;;;;;;
MD;Baltimore;2011-04-08;2011-03-28;Drinking Water;pCi/l;;;;;;;;;;;
MD;Baltimore;2011-06-01;2011-04-13;Drinking Water;pCi/l;;;;;;;;;;;
SC;Barnwell;2011-04-08;2011-03-31;Drinking Water;pCi/l;;;;;;;;;;;
SC;Barnwell;2011-04-22;2011-04-14;Drinking Water;pCi/l;;;;;;;;;;;
GA;Baxley;2011-04-08;2011-03-29;Drinking Water;pCi/l;;;;;;;;;;;
GA;Baxley;2011-04-22;2011-04-14;Drinking Water;pCi/l;;;;;;;;;;;
ND;Bismarck;2011-04-04;2011-03-28;Drinking Water;pCi/l;;;;;;;;;;;
ND;Bismarck;2011-06-01;2011-04-13;Drinking Water;pCi/l;;;;;;;;;;;
ID;Boise;2011-04-04;2011-03-28;Drinking Water;pCi/l;;;;;;0.2;;;;;
ID;Boise;2011-04-22;2011-04-14;Drinking Water;pCi/l;;;;;;;;;;;
IA;Cedar Rapids;2011-04-08;2011-03-30;Drinking Water;pCi/l;;;;;;;;;;;
IA;Cedar Rapids;2011-06-01;2011-04-13;Drinking Water;pCi/l;;;;;;;;;;;
NC;Charlotte;2011-04-08;2011-03-28;Drinking Water;pCi/l;;;;;;;;;;;
NC;Charlotte;2011-04-22;2011-04-13;Drinking Water;pCi/l;;;;;;;;;;;
TN;Chattanooga;2011-04-08;2011-03-28;Drinking Water;pCi/l;;;;;;1.6;;;;;
TN;Chattanooga;2011-06-01;2011-04-15;Drinking Water;pCi/l;;;;;;;;;;;
OH;Cincinnati;2011-04-08;2011-03-28;Drinking Water;pCi/l;;;;;;0.13;;;;;
OH;Cincinnati;2011-04-21;2011-04-13;Drinking Water;pCi/l;;;;;;;;;;;
PA;Columbia;2011-04-08;2011-03-29;Drinking Water;pCi/l;;;;;;0.2;;;;;
SC;Columbia;2011-04-08;2011-03-30;Drinking Water;pCi/l;;;;;;;;;;;
PA;Columbia;2011-04-22;2011-04-13;Drinking Water;pCi/l;;;;;;;;;;;
SC;Columbia;2011-06-01;2011-04-14;Drinking Water;pCi/l;;;;;;;;;;;
OH;Columbus;2011-04-08;2011-03-29;Drinking Water;pCi/l;;;;;;;;;;;
OH;Columbus;2011-04-21;2011-04-13;Drinking Water;pCi/l;;;;;;0.2;;;;;
NH;Concord;2011-04-15;2011-04-07;Drinking Water;pCi/l;;;;;;;;;;;
NH;Concord;2011-04-20;2011-04-12;Drinking Water;pCi/l;;;;;;;;;;;
NH;Concord;2011-06-01;2011-04-18;Drinking Water;pCi/l;;;;;;;;;;;
NH;Concord;2011-06-01;2011-04-25;Drinking Water;pCi/l;;;;;;;;;;;
NH;Concord;2011-04-15;2011-04-07;Drinking Water;pCi/l;;;;;;;;;;;
MD;Conowingo;2011-04-08;2011-03-29;Drinking Water;pCi/l;;;;;;;;;;;
MD;Conowingo;2011-06-01;2011-04-19;Drinking Water;pCi/l;;;;;;;;;;;
CO;Denver;2011-04-08;2011-03-30;Drinking Water;pCi/l;;;;;;0.17;;;;;
CO;Denver;2011-04-22;2011-04-13;Drinking Water;pCi/l;;;;;;;;;;;
MI;Detroit;2011-04-08;2011-03-31;Drinking Water;pCi/l;;;;;;0.28;;;;;
MI;Detroit;2011-06-01;2011-04-27;Drinking Water;pCi/l;;;;;;;;;;;
AL;Dothan;2011-04-10;2011-04-04;Drinking Water;pCi/l;;;;;;;;;;;
AL;Dothan;2011-06-01;2011-04-29;Drinking Water;pCi/l;;;;;;;;;;;
DE;Dover;2011-04-08;2011-03-28;Drinking Water;pCi/l;;;;;;;;;;;
DE;Dover;2011-06-01;2011-04-13;Drinking Water;pCi/l;;;;;4.1;;;;;;
OH;East Liverpool;2011-04-08;2011-03-30;Drinking Water;pCi/l;;;;;;0.42;;;;;
OH;East Liverpool;2011-06-01;2011-04-14;Drinking Water;pCi/l;;;;;;0.14;;;;;
AK;Fairbanks;2011-04-04;2011-03-28;Drinking Water;pCi/l;;;;;;;;;;;
AK;Fairbanks;2011-04-22;2011-04-13;Drinking Water;pCi/l;;;;;;;;;;;
MI;Grand Rapids;2011-04-08;2011-03-29;Drinking Water;pCi/l;;;;;;;;;;;
MI;Grand Rapids;2011-06-01;2011-04-21;Drinking Water;pCi/l;;;;;;;;;;;
PA;Harrisburg;2011-04-08;2011-03-29;Drinking Water;pCi/l;;;;;;;;;;;
PA;Harrisburg;2011-06-01;2011-04-14;Drinking Water;pCi/l;;;;;;0.13;;;;;
CT;Hartford;2011-04-13;2011-04-06;Drinking Water;pCi/l;;;;;;;;;;;
CT;Hartford;2011-06-01;2011-04-14;Drinking Water;pCi/l;;;;;;;;;;;
MT;Helena;2011-04-08;2011-03-28;Drinking Water;pCi/l;;;;;;0.18;;;;;
MT;Helena;2011-04-21;2011-04-13;Drinking Water;pCi/l;;;;;;;;;;;
HI;Honolulu;2011-04-08;2011-03-28;Drinking Water;pCi/l;;;;;;;;;;;
HI;Honolulu;2011-06-01;2011-04-19;Drinking Water;pCi/l;;;;;;;;;;;
ID;Idaho Falls;2011-04-04;2011-03-28;Drinking Water;pCi/l;;;;;;;;;;;
ID;Idaho Falls;2011-06-01;2011-04-15;Drinking Water;pCi/l;;;;;;;;;;;
MS;Jackson;2011-04-08;2011-03-29;Drinking Water;pCi/l;;;;;;;;;;;
MS;Jackson;2011-06-01;2011-04-13;Drinking Water;pCi/l;;;;;;;;;;;
MO;Jefferson City;2011-04-08;2011-03-28;Drinking Water;pCi/l;;;;;;;;;;;
MO;Jefferson City;2011-04-21;2011-04-12;Drinking Water;pCi/l;;;;;;;;;;;
SC;Jenkinsville;2011-04-08;2011-03-30;Drinking Water;pCi/l;;;;;;;;;;;
SC;Jenkinsville;2011-04-22;2011-04-13;Drinking Water;pCi/l;;;;;;;;;;;
TN;Knoxville;2011-04-13;2011-04-05;Drinking Water;pCi/l;;;;;;;;;;;
TN;Knoxville;2011-06-01;2011-04-13;Drinking Water;pCi/l;;;;;;;;;;;
NV;Las Vegas;2011-04-08;2011-03-30;Drinking Water;pCi/l;;;;;;;;;;;
NV;Las Vegas;2011-06-01;2011-04-15;Drinking Water;pCi/l;;;;;;;;;;;
NE;Lincoln;2011-04-08;2011-03-29;Drinking Water;pCi/l;;;;;;;;;;;
NE;Lincoln;2011-04-21;2011-04-13;Drinking Water;pCi/l;;;;;;;;;;;
AR;Little Rock;2011-04-08;2011-03-29;Drinking Water;pCi/l;;;;;;;;;;;
AR;Little Rock;2011-04-22;2011-04-13;Drinking Water;pCi/l;;;;;;;;;;;
CA;Los Angeles;2011-04-10;2011-04-04;Drinking Water;pCi/l;;;;;;0.39;;;;;
CA;Los Angeles;2011-06-01;2011-04-12;Drinking Water;pCi/l;;;;;;0.18;;;;;
VA;Lynchburg;2011-04-04;2011-03-28;Drinking Water;pCi/l;;;;;;;;;;;
VA;Lynchburg;2011-04-04;2011-03-28;Drinking Water;pCi/l;;;;;;;;;;;
VA;Lynchburg;2011-04-20;2011-04-11;Drinking Water;pCi/l;;;;;;;;;;;
WI;Madison;2011-04-08;2011-03-29;Drinking Water;pCi/l;;;;;;;;;;;
WI;Madison;2011-04-21;2011-04-13;Drinking Water;pCi/l;;;;;;;;;;;
FL;Miami;2011-04-08;2011-03-29;Drinking Water;pCi/l;;;;;;;;;;;
AL;Montgomery;2011-05-03;2011-04-01;Drinking Water;pCi/l;;;;;;;;;;;
AL;Montgomery;2011-06-01;2011-04-15;Drinking Water;pCi/l;;;;;;;;;;;
IL;Morris;2011-04-09;2011-03-29;Drinking Water;pCi/l;;;;;;;;;;;
IL;Morris;2011-06-01;2011-04-19;Drinking Water;pCi/l;;;;;;;;;;;
AL;Muscle Shoals;2011-04-08;2011-03-31;Drinking Water;pCi/l;;;;;;0.16;;;;;
AL;Muscle Shoals;2011-06-01;2011-04-27;Drinking Water;pCi/l;;;;;;;;;;;
LA;New Orleans;2011-04-04;2011-03-28;Drinking Water;pCi/l;;;;;;;;;;;
LA;New Orleans;2011-06-01;2011-04-13;Drinking Water;pCi/l;;;;;;;;;;;
NY;New York;2011-04-08;2011-03-29;Drinking Water;pCi/l;;;;;;;;;;;
NY;New York;2011-06-01;2011-04-13;Drinking Water;pCi/l;;;;;;;;;;;
NY;Niagara Falls;2011-04-08;2011-03-31;Drinking Water;pCi/l;;;;;;0.14;;;;;
NY;Niagara Falls;2011-04-21;2011-04-13;Drinking Water;pCi/l;;;;;;0.1;;;;;
TN;Oak Ridge/360;2011-04-08;2011-03-29;Drinking Water;pCi/l;;;;;;0.18;;;;;
TN;Oak Ridge/360;2011-04-22;2011-04-14;Drinking Water;pCi/l;;;;;;;;;;;
TN;Oak Ridge/371;2011-04-08;2011-03-29;Drinking Water;pCi/l;;;;;;0.63;;;;;
TN;Oak Ridge/371;2011-04-22;2011-04-14;Drinking Water;pCi/l;;;;;;;;;;;
TN;Oak Ridge/4442;2011-04-08;2011-03-29;Drinking Water;pCi/l;;;;;;0.28;;;;;
TN;Oak Ridge/4442;2011-04-22;2011-04-14;Drinking Water;pCi/l;;;;;;;;;;;
TN;Oak Ridge/768;2011-04-08;2011-03-29;Drinking Water;pCi/l;;;;;;;;;;;
TN;Oak Ridge/768;2011-04-22;2011-04-14;Drinking Water;pCi/l;;;;;;;;;;;
TN;Oak Ridge/772;2011-04-08;2011-03-29;Drinking Water;pCi/l;;;;;;0.2;;;;;
TN;Oak Ridge/772;2011-06-01;2011-04-14;Drinking Water;pCi/l;;;;;;;;;;;
OK;Oklahoma City;2011-04-08;2011-03-28;Drinking Water;pCi/l;;;;;;;;;;;
OK;Oklahoma City;2011-06-01;2011-04-13;Drinking Water;pCi/l;;;;;;;;;;;
OH;Painesville;2011-04-08;2011-03-29;Drinking Water;pCi/l;;;;;;0.43;;;;;
OH;Painesville;2011-06-01;2011-04-13;Drinking Water;pCi/l;;;;;;0.22;;;;;
PA;Philadelphia/Baxter;2011-04-09;2011-04-04;Drinking Water;pCi/l;;;;;;0.46;;;;;
PA;Philadelphia/Baxter;2011-04-22;2011-04-14;Drinking Water;pCi/l;;;;;;0.36;;;;;
PA;Philadelphia/Belmont;2011-04-09;2011-04-04;Drinking Water;pCi/l;;;;;;1.3;;;;;
PA;Philadelphia/Belmont;2011-04-22;2011-04-14;Drinking Water;pCi/l;;;;;;1.9;;;;;
PA;Philadelphia/Queen;2011-04-09;2011-04-04;Drinking Water;pCi/l;;;;;;2.2;;;;;
PA;Philadelphia/Queen;2011-04-22;2011-04-14;Drinking Water;pCi/l;;;;;;1.2;;;;;
PA;Pittsburgh;2011-04-08;2011-03-28;Drinking Water;pCi/l;;;;;;0.36;;;;;
PA;Pittsburgh;2011-04-22;2011-04-14;Drinking Water;pCi/l;;;;;;;;;;;
MS;Port Gibson;2011-04-08;2011-03-29;Drinking Water;pCi/l;;;;;;;;;;;
MS;Port Gibson;2011-06-01;2011-04-19;Drinking Water;pCi/l;;;;;;;;;;;
OR;Portland;2011-04-04;2011-03-25;Drinking Water;pCi/l;;;;;;;;;;;
OR;Portland;2011-06-01;2011-04-13;Drinking Water;pCi/l;;;;;;;;;;;
RI;Providence;2011-04-08;2011-03-30;Drinking Water;pCi/l;;;;;;;;;;;
RI;Providence;2011-06-01;2011-04-15;Drinking Water;pCi/l;;;;;;;;;;;
NC;Raleigh;2011-06-01;2011-04-13;Drinking Water;pCi/l;;;;;;;;;;;
WA;Richland;2011-04-04;2011-03-28;Drinking Water;pCi/l;;;;;;0.23;;;;;
WA;Richland;2011-04-21;2011-04-13;Drinking Water;pCi/l;;;;;;;;;;;
CA;Richmond;2011-04-09;2011-03-29;Drinking Water;pCi/l;;;;;;;;;;;
CA;Richmond;2011-06-01;2011-04-13;Drinking Water;pCi/l;;;;;;;;;;;
NM;Santa Fe;2011-04-08;2011-03-28;Drinking Water;pCi/l;;;;;;;;;;;
NM;Santa Fe;2011-06-01;2011-04-18;Drinking Water;pCi/l;;;;;;;;;;;
GA;Savannah;2011-04-08;2011-03-28;Drinking Water;pCi/l;;;;;;;;;;;
GA;Savannah;2011-04-21;2011-04-13;Drinking Water;pCi/l;;;;;;;;;;;
AL;Scottsboro;2011-04-09;2011-03-30;Drinking Water;pCi/l;;;5.6;;;;;;;;
AL;Scottsboro;2011-06-01;2011-04-28;Drinking Water;pCi/l;;;;;;;;;;;
WA;Seattle;2011-04-04;2011-03-28;Drinking Water;pCi/l;;;;;;;;;;;
SC;Seneca;2011-04-10;2011-04-04;Drinking Water;pCi/l;;;;;;;;;;;
SC;Seneca;2011-06-01;2011-04-18;Drinking Water;pCi/l;;;;;;;;;;;
MN;St. Paul;2011-04-08;2011-03-28;Drinking Water;pCi/l;;;;;;;;;;;
MN;St. Paul;2011-04-22;2011-04-13;Drinking Water;pCi/l;;;;;;0.16;;;;;
NY;Syracuse;2011-04-08;2011-03-29;Drinking Water;pCi/l;;;;;;;;;;;
NY;Syracuse;2011-06-01;2011-04-13;Drinking Water;pCi/l;;;;;;;;;;;
FL;Tampa;2011-04-08;2011-03-29;Drinking Water;pCi/l;;;;;;;;;;;
FL;Tampa;2011-06-01;2011-04-18;Drinking Water;pCi/l;;;;;;;;;;;
OH;Toledo;2011-04-08;2011-03-30;Drinking Water;pCi/l;;;;;;;;;;;
KS;Topeka;2011-04-08;2011-03-31;Drinking Water;pCi/l;;;;;;;;;;;
KS;Topeka;2011-04-22;2011-04-14;Drinking Water;pCi/l;;;;;;0.15;;;;;
NJ;Trenton;2011-04-08;2011-03-29;Drinking Water;pCi/l;;;;;;0.38;;;;;
IL;W. Chicago;2011-04-15;2011-04-05;Drinking Water;pCi/l;;;;;;;;;;;
NJ;Waretown;2011-04-08;2011-03-28;Drinking Water;pCi/l;;;;;;0.38;;;;;
NJ;Waretown;2011-06-01;2011-04-19;Drinking Water;pCi/l;;;;;;;;;;;
MN;Welch;2011-04-08;2011-03-29;Drinking Water;pCi/l;;;;;;;;;;;
MN;Welch;2011-06-01;2011-04-14;Drinking Water;pCi/l;;;;;;;;;;;
IL;West Chicago;2011-06-01;2011-04-27;Drinking Water;pCi/l;;;;;;;;;;;
NM;Albuquerque;2011-04-06;2011-03-29;Milk;pCi/l;;;;;;;;;;;
NM;Albuquerque;2011-04-16;2011-04-12;Milk;pCi/l;;;;;;;;;;;
TN;Athens;2011-04-09;2011-03-31;Milk;pCi/l;;;;;;;;;;;
TN;Athens;2011-04-20;2011-04-14;Milk;pCi/l;;;;;;;;;;;
MD;Baltimore;2011-04-08;2011-03-30;Milk;pCi/l;;;;;;;;;;;
MD;Baltimore;2011-04-22;2011-04-15;Milk;pCi/l;;;;;;;;;;;
NY;Buffalo;2011-04-09;2011-04-01;Milk;pCi/l;;;;;;;;;;;
NY;Buffalo;2011-04-20;2011-04-13;Milk;pCi/l;;;;;;;;;;;
WV;Charleston;2011-04-08;2011-03-30;Milk;pCi/l;;;;;;;;;;;
WV;Charleston;2011-04-20;2011-04-13;Milk;pCi/l;;;;;;;;;;;
OH;Cincinnati;2011-04-09;2011-03-28;Milk;pCi/l;;;;;;;;;;;
OH;Cincinnati;2011-04-09;2011-03-31;Milk;pCi/l;;;;;;;;;;;
OH;Cincinnati;2011-04-20;2011-04-13;Milk;pCi/l;;;;;;;;;;;
OH;Cleveland;2011-04-09;2011-03-28;Milk;pCi/l;;;;;;;;;;;
OH;Cleveland;2011-04-09;2011-03-31;Milk;pCi/l;;;;;;;;;;;
OH;Cleveland;2011-04-20;2011-04-14;Milk;pCi/l;;;;;;;;;;;
TX;Dallas;2011-04-09;2011-03-30;Milk;pCi/l;;;;;;;;;;;
TX;Dallas;2011-04-16;2011-04-12;Milk;pCi/l;;;;;;;;;;;
IA;Des Moines;2011-04-02;2011-03-21;Milk;pCi/l;;;;;;;;;;;
IA;Des Moines;2011-04-06;2011-03-29;Milk;pCi/l;;;;;;;;;;;
MI;Detroit;2011-04-06;2011-03-28;Milk;pCi/l;;;;;;;;;;;
DE;Dover;2011-04-09;2011-04-01;Milk;pCi/l;;;;;;;;;;;
MI;E. Lansing;2011-04-20;2011-04-12;Milk;pCi/l;;;;;;;;;;;
CT;Hartford;2011-04-25;2011-04-12;Milk;pCi/l;;;;;;;;;;;
CT;Hartford;2011-04-26;2011-04-20;Milk;pCi/l;;;;;;;;;;;
HI;Hilo;2011-04-10;2011-04-04;Milk;pCi/l;;;24.0;;19.0;18.0;;;;;
HI;Hilo;2011-04-20;2011-04-13;Milk;pCi/l;;;11.0;;10.0;;;;;;
MO;Jefferson City;2011-04-08;2011-03-30;Milk;pCi/l;;;;;;;;;;;
MO;Jefferson City;2011-04-20;2011-04-13;Milk;pCi/l;;;;;;3.0;;;;;
TN;Knoxville;2011-04-09;2011-03-31;Milk;pCi/l;;;;;;;;;;;
TN;Knoxville;2011-04-20;2011-04-14;Milk;pCi/l;;;;;;;;;;;
NV;Las Vegas;2011-04-20;2011-04-13;Milk;pCi/l;;;;;;;;;;;
AR;Little Rock;2011-04-09;2011-03-30;Milk;pCi/l;;;;;;8.9;;;;;
AR;Little Rock;2011-04-20;2011-04-13;Milk;pCi/l;;;;;;;;;;;
CA;Los Angeles;2011-04-06;2011-03-28;Milk;pCi/l;;;;;;2.9;;;;;
CA;Los Angeles;2011-04-20;2011-04-13;Milk;pCi/l;;;;;;4.0;;;;;
KY;Louisville;2011-04-08;2011-03-30;Milk;pCi/l;;;;;;;;;;;
KY;Louisville;2011-04-20;2011-04-13;Milk;pCi/l;;;;;;;;;;;
TN;Memphis;2011-04-16;2011-04-11;Milk;pCi/l;;;;;;4.0;;;;;
VT;Montpelier;2011-04-08;2011-03-30;Milk;pCi/l;;;;;1.9;;;;;;
CA;Oakland;2011-04-20;2011-04-13;Milk;pCi/l;;;2.5;;;3.7;;;;;
AZ;Phoenix;2011-04-06;2011-03-28;Milk;pCi/l;;;;;;3.2;;;;;
AZ;Phoenix;2011-04-09;2011-03-29;Milk;pCi/l;;;;;;;;;;;
PA;Pittsburgh;2011-04-09;2011-03-31;Milk;pCi/l;;;;;;;;;;;
PA;Pittsburgh;2011-04-16;2011-04-05;Milk;pCi/l;;;;;;;;;;;
FL;Plant City;2011-04-08;2011-03-30;Milk;pCi/l;;;;;;;;;;;
FL;Plant City;2011-04-20;2011-04-13;Milk;pCi/l;;;;;;;;;;;
OR;Portland;2011-04-06;2011-03-28;Milk;pCi/l;;;;;;;;;;;
OR;Portland;2011-04-20;2011-04-13;Milk;pCi/l;;;;;;;;;;;
NV;Reno;2011-04-13;2011-03-31;Milk;pCi/l;;;;;;;;;;;
NV;Reno;2011-04-10;2011-04-04;Milk;pCi/l;;;;;;;;;;;
NV;Reno;2011-04-25;2011-04-18;Milk;pCi/l;;;;;;;;;;;
TX;San Antonio;2011-04-08;2011-03-30;Milk;pCi/l;;;;;;;;;;;
TX;San Antonio;2011-04-26;2011-04-19;Milk;pCi/l;;;;;;;;;;;
CA;San Francisco;2011-04-06;2011-03-28;Milk;pCi/l;;;;;;;;;;;
WA;Spokane;2011-04-04;2011-03-21;Milk;pCi/l;;;;;;;;;;;
WA;Spokane;2011-04-02;2011-03-25;Milk;pCi/l;;;;;;0.77;;;;;
WA;Spokane;2011-04-16;2011-04-12;Milk;pCi/l;;;;;;;;;;;
NY;Syracuse;2011-04-08;2011-03-29;Milk;pCi/l;;;;;;;;;;;
NY;Syracuse;2011-04-20;2011-04-13;Milk;pCi/l;;;;;;;;;;;
WA;Tacoma;2011-04-04;2011-03-24;Milk;pCi/l;;;;;;;;;;;
WA;Tacoma;2011-05-03;2011-04-24;Milk;pCi/l;;;;;;;;;;;
NJ;Trenton;2011-04-09;2011-03-31;Milk;pCi/l;;;;;;;;;;;
NJ;Trenton;2011-04-22;2011-04-15;Milk;pCi/l;;;;;;;;;;;
KS;Wichita;2011-04-08;2011-03-29;Milk;pCi/l;;;;;;;;;;;
KS;Wichita;2011-04-20;2011-04-12;Milk;pCi/l;;;;;;;;;;;
DE;Wilmington;2011-04-25;2011-04-18;Milk;pCi/l;;;;;;;;;;;
NY;Albany;2011-04-04;2011-03-16;Precipitation;pCi/l;;;;;;;;;;;
NY;Albany;2011-04-04;2011-03-23;Precipitation;pCi/l;;;;;;30.0;;;;;
NY;Albany;2011-04-20;2011-04-11;Precipitation;pCi/l;;;;;;3.9;;;;;
NY;Albany;2011-05-03;2011-04-19;Precipitation;pCi/l;;;;;;;;;;;
NY;Albany;2011-04-15;2011-04-05;Precipitation;pCi/l;;;;;;22.0;;;;;
GA;Atlanta;2011-04-04;2011-03-17;Precipitation;pCi/l;;;;;;;;;;;
GA;Atlanta;2011-04-15;2011-03-31;Precipitation;pCi/l;;;;;;17.0;;;;;
TX;Austin;2011-04-22;2011-04-12;Precipitation;pCi/l;;;;;;;;;;;
ID;Boise;2011-04-04;2011-03-22;Precipitation;pCi/l;;;11.2;;11.6;242.0;;;;;
ID;Boise;2011-04-08;2011-03-27;Precipitation;pCi/l;;;42.0;;36.0;390.0;;;;;
MA;Boston;2011-04-04;2011-03-18;Precipitation;pCi/l;;;;;;;;;;;
MA;Boston;2011-04-08;2011-03-22;Precipitation;pCi/l;;;;;;92.0;;;;;
MA;Boston;2011-04-13;2011-04-04;Precipitation;pCi/l;;;;;;15.0;;;;;
MA;Boston;2011-04-13;2011-04-05;Precipitation;pCi/l;;;;;;20.0;;;;;
MA;Boston;2011-04-15;2011-04-06;Precipitation;pCi/l;;;;;;9.8;;;;;
MA;Boston;2011-05-03;2011-04-19;Precipitation;pCi/l;;;;;;;;;;;
MA;Boston;2011-05-03;2011-04-20;Precipitation;pCi/l;;;;;;7.2;;;;;
NC;Charlotte;2011-04-13;2011-03-29;Precipitation;pCi/l;;;;;;45.0;;;;;
NC;Charlotte;2011-04-13;2011-04-01;Precipitation;pCi/l;;;;;;15.0;;;;;
NC;Charlotte;2011-04-13;2011-04-05;Precipitation;pCi/l;;;;;;4.4;;;;;
NC;Charlotte;2011-04-22;2011-04-12;Precipitation;pCi/l;;;;;;2.8;;;;;
NC;Charlotte;2011-05-03;2011-04-19;Precipitation;pCi/l;;;;;;;;;;;
NH;Concord;2011-04-13;2011-03-24;Precipitation;pCi/l;;;;;;24.0;;;;;
NH;Concord;2011-04-15;2011-04-05;Precipitation;pCi/l;;;;;;47.0;;;;;
NH;Concord;2011-05-03;2011-04-14;Precipitation;pCi/l;;;;;;;;;;;
CO;Denver;2011-04-13;2011-04-04;Precipitation;pCi/l;;;;;;43.0;;;;;
Guam;Guam;2011-04-15;2011-03-30;Precipitation;pCi/l;;;;;;;;;;;
Guam;Guam;2011-04-15;2011-04-01;Precipitation;pCi/l;;;;;;;;;;;
Guam;Guam;2011-04-15;2011-04-02;Precipitation;pCi/l;;;;;;;;;;;
Guam;Guam;2011-05-03;2011-04-20;Precipitation;pCi/l;;;;;;;;;;;
PA;Harrisburg;2011-04-15;2011-03-31;Precipitation;pCi/l;;;;;;5.9;;;;;
CT;Hartford;2011-04-04;2011-03-18;Precipitation;pCi/l;;;;;;;;;;;
CT;Hartford;2011-04-04;2011-03-18;Precipitation;pCi/l;;;;;;;;;;;
CT;Hartford;2011-04-04;2011-03-25;Precipitation;pCi/l;;;;;;26.0;;;;;
CT;Hartford;2011-04-13;2011-04-04;Precipitation;pCi/l;;;;;;19.0;;;;;
CT;Hartford;2011-04-15;2011-04-08;Precipitation;pCi/l;;;;;;12.0;;;;;
HI;Honolulu;2011-04-15;2011-04-07;Precipitation;pCi/l;;;;;;2.2;;;;;
ID;Idaho Falls;2011-04-15;2011-04-01;Precipitation;pCi/l;;;;;;32.0;;;;;
FL;Jacksonville;2011-04-13;2011-03-31;Precipitation;pCi/l;;;1.4;;;150.0;;;;;
FL;Jacksonville;2011-04-13;2011-04-04;Precipitation;pCi/l;;;;;;22.0;;;;;
FL;Jacksonville;2011-04-15;2011-04-07;Precipitation;pCi/l;;;;;;;;;;;
KS;Kansas City;2011-04-04;2011-03-21;Precipitation;pCi/l;;;;;;;;;;;
KS;Kansas City;2011-04-13;2011-03-29;Precipitation;pCi/l;;;;;;200.0;;;;;
KS;Kansas City;2011-04-13;2011-04-04;Precipitation;pCi/l;;;;;;18.0;;;;;
KS;Kansas City;2011-05-03;2011-04-22;Precipitation;pCi/l;;;;;;;;;;;
TN;Knoxville;2011-04-10;2011-03-28;Precipitation;pCi/l;;;;;;3.1;;;;;
TN;Knoxville;2011-04-13;2011-04-01;Precipitation;pCi/l;;;;;;26.0;;;;;
TN;Knoxville;2011-04-13;2011-04-05;Precipitation;pCi/l;;;;;;;;;;;
MI;Lansing;2011-04-13;2011-04-04;Precipitation;pCi/l;;;;;1.2;21.0;;;;;
MI;Lansing;2011-05-03;2011-04-18;Precipitation;pCi/l;;;;;;;;;;;
AR;Little Rock;2011-04-13;2011-03-28;Precipitation;pCi/l;;;;;;44.0;;;;;
AR;Little Rock;2011-04-15;2011-04-05;Precipitation;pCi/l;;;;;;6.4;;;;;
AR;Little Rock;2011-04-22;2011-04-11;Precipitation;pCi/l;;;;;;;;;;;
AR;Little Rock;2011-05-03;2011-04-18;Precipitation;pCi/l;;;;;;;;;;;
AR;Little Rock;2011-05-03;2011-04-21;Precipitation;pCi/l;;;;;;;;;;;
VA;Lynchburg;2011-04-13;2011-04-01;Precipitation;pCi/l;;;;;;9.3;;;;;
AL;Montgomery;2011-04-04;2011-03-21;Precipitation;pCi/l;;;;;;;;;;;
AL;Montgomery;2011-04-04;2011-03-24;Precipitation;pCi/l;;;;;;16.7;;;;;
AL;Montgomery;2011-04-08;2011-03-30;Precipitation;pCi/l;;;;;;3.7;;;;;
AL;Montgomery;2011-04-13;2011-04-06;Precipitation;pCi/l;;;;;;;;;;;
TN;Nashville;2011-04-13;2011-03-15;Precipitation;pCi/l;;;;;;;;;;;
TN;Nashville;2011-04-13;2011-03-28;Precipitation;pCi/l;;;;;;72.0;;;;;
TN;Nashville;2011-04-13;2011-03-31;Precipitation;pCi/l;;;;;;19.0;;;;;
TN;Nashville;2011-05-03;2011-04-19;Precipitation;pCi/l;;;;;;;;;;;
TN;Nashville;2011-04-20;2011-04-06;Precipitation;pCi/l;;;;;;5.3;;;;;
TN;Oak Ridge/K-12;2011-04-04;2011-03-17;Precipitation;pCi/l;;;;;;;;;;;
TN;Oak Ridge/K-12;2011-04-04;2011-03-24;Precipitation;pCi/l;;;;;;17.7;;;;;
TN;Oak Ridge/K-25;2011-04-13;2011-03-31;Precipitation;pCi/l;;;;;1.2;19.0;;;;;
TN;Oak Ridge/K-25;2011-04-13;2011-04-04;Precipitation;pCi/l;;;;;;40.0;;;;;
TN;Oak Ridge/K-25;2011-04-15;2011-04-07;Precipitation;pCi/l;;;;;;;;;;;
TN;Oak Ridge/Melton;2011-04-04;2011-03-17;Precipitation;pCi/l;;;;;;;;;;;
TN;Oak Ridge/Melton;2011-04-04;2011-03-24;Precipitation;pCi/l;;;;;;18.3;;;;;
TN;Oak Ridge/Melton;2011-04-10;2011-03-28;Precipitation;pCi/l;;;1.3;;1.4;81.0;;;;;
TN;Oak Ridge/Melton;2011-04-13;2011-03-31;Precipitation;pCi/l;;;;;0.87;21.0;;;;;
TN;Oak Ridge/Melton;2011-04-15;2011-04-07;Precipitation;pCi/l;;;;;;3.7;;;;;
TN;Oak Ridge/Y-12;2011-04-04;2011-03-24;Precipitation;pCi/l;;;;;;13.4;;;;;
TN;Oak Ridge/Y-12;2011-04-10;2011-03-28;Precipitation;pCi/l;;;;;;;;;;;
TN;Oak Ridge/Y-12;2011-04-13;2011-04-04;Precipitation;pCi/l;;;;;2.1;54.0;;;;;
TN;Oak Ridge/Y-12;2011-04-15;2011-04-07;Precipitation;pCi/l;;;;;;2.1;;;;;
TN;Oak Ridge/Y-12;2011-04-13;2011-03-31;Precipitation;pCi/l;;;1.3;;1.4;20.0;;;;;
WA;Olympia;2011-04-04;2011-03-17;Precipitation;pCi/l;;;;;;;;;;;
WA;Olympia;2011-04-04;2011-03-24;Precipitation;pCi/l;;;;;;125.0;;;;;
WA;Olympia;2011-04-13;2011-03-29;Precipitation;pCi/l;;;;;;37.0;;;;;
WA;Olympia;2011-04-13;2011-03-31;Precipitation;pCi/l;;;;;;6.7;;;;;
WA;Olympia;2011-04-13;2011-04-04;Precipitation;pCi/l;;;;;;12.0;;;;;
WA;Olympia;2011-04-15;2011-04-07;Precipitation;pCi/l;;;;;;7.4;;;;;
WA;Olympia;2011-05-03;2011-04-18;Precipitation;pCi/l;;;;;;;;;;;
WA;Olympia;2011-05-24;2011-04-25;Precipitation;pCi/l;;;;;;1.7;;;;;
WA;Olympia;2011-05-24;2011-04-28;Precipitation;pCi/l;;;;;;;;;;;
OH;Painesville;2011-04-04;2011-03-15;Precipitation;pCi/l;;;;;;;;;;;
OH;Painesville;2011-04-04;2011-03-25;Precipitation;pCi/l;;;;;;46.8;;;;;
OH;Painesville;2011-04-13;2011-04-05;Precipitation;pCi/l;;;;;;6.0;;;;;
OR;Portland;2011-04-04;2011-03-25;Precipitation;pCi/l;;;;;;86.8;;;;;
CA;Richmond;2011-04-04;2011-03-15;Precipitation;pCi/l;;;;;;;;;;;
CA;Richmond;2011-04-04;2011-03-22;Precipitation;pCi/l;;;;;;138.0;;;;;5.96
CA;Richmond;2011-04-04;2011-03-22;Precipitation;pCi/l;;;;;;138.0;;;;;5.96
CA;Richmond;2011-04-10;2011-03-28;Precipitation;pCi/l;;;;;;;;;;;
CA;Richmond;2011-05-03;2011-04-22;Precipitation;pCi/l;;;5.2;;5.5;;;;;;
CNMI;Saipan;2011-04-10;2011-03-28;Precipitation;pCi/l;;;;;;;;;;;
CNMI;Saipan;2011-04-13;2011-04-03;Precipitation;pCi/l;;;;;;;;;;;
UT;Salt Lake City;2011-04-08;2011-03-17;Precipitation;pCi/l;;;;;;8.1;;;;;
UT;Salt Lake City;2011-04-13;2011-03-28;Precipitation;pCi/l;;;1.4;;;190.0;;;;;
UT;Salt Lake City;2011-04-20;2011-04-04;Precipitation;pCi/l;;;;;;8.2;;;;;
UT;Salt Lake City;2011-04-20;2011-04-07;Precipitation;pCi/l;;;;;;14.0;;;;;
UT;Salt Lake City;2011-05-03;2011-04-21;Precipitation;pCi/l;;;;;;;;;;;
MN;St. Paul;2011-04-04;2011-03-22;Precipitation;pCi/l;;;;;;32.3;;;;;
MN;St. Paul;2011-04-10;2011-03-29;Precipitation;pCi/l;;;;;;16.0;;;;;
MN;Welch;2011-04-04;2011-03-17;Precipitation;pCi/l;;;;;;;;;;;
MN;Welch/510;2011-04-13;2011-04-04;Precipitation;pCi/l;;;;;;9.1;;;;;
NC;Wilmington;2011-04-10;2011-03-29;Precipitation;pCi/l;;;;;;19.0;;;;;
NC;Wilmington;2011-04-13;2011-04-06;Precipitation;pCi/l;;;;;;3.6;;;;;
NY;Yaphank;2011-04-15;2011-04-04;Precipitation;pCi/l;;;;;;15.0;;;;;
NY;Yaphank;2011-05-03;2011-04-15;Precipitation;pCi/l;;;;;;;;;;;
NY;Yaphank;2011-05-03;2011-04-19;Precipitation;pCi/l;;;;;;;;;;;
NY;Albany;2011-05-24;2011-04-26;Precipitation;pCi/l;;;;;;;;;;;
GA;Atlanta;2011-05-24;2011-04-28;Precipitation;pCi/l;;;;;;;;;;;
GA;Atlanta;2011-04-25;2011-04-14;Precipitation;pCi/l;;;;;;;;;;;
MA;Boston;2011-04-26;2011-04-14;Precipitation;pCi/l;;;;;;;;;;;
MA;Boston;2011-05-24;2011-04-29;Precipitation;pCi/l;;;;;;;;;;;
MA;Boston;2011-05-24;2011-04-25;Precipitation;pCi/l;;;;;;;;;;;
NC;Charlotte;2011-05-24;2011-04-29;Precipitation;pCi/l;;;;;;;;;;;
NC;Charlotte;2011-05-24;2011-04-26;Precipitation;pCi/l;;;;;;;;;;;
NH;Concord;2011-04-26;2011-04-18;Precipitation;pCi/l;;;;;;;;;;;
NH;Concord;2011-05-24;2011-04-25;Precipitation;pCi/l;;;;;;;;;;;
CO;Denver;2011-04-25;2011-04-14;Precipitation;pCi/l;;;;;;6.8;;;;;
CO;Denver;2011-05-24;2011-04-28;Precipitation;pCi/l;;;;;;;;;;;
CO;Denver;2011-05-24;2011-04-25;Precipitation;pCi/l;;;;;;;;;;;
PA;Harrisburg;2011-05-24;2011-04-30;Precipitation;pCi/l;;;;;;;;;;;
CT;Hartford;2011-04-26;2011-04-15;Precipitation;pCi/l;;;;;;;;;;;
CT;Hartford;2011-04-26;2011-04-18;Precipitation;pCi/l;;;;;;2.5;;;;;
HI;Honolulu;2011-05-24;2011-04-04;Precipitation;pCi/l;;;;;;;;;;;
KS;Kansas City;2011-04-25;2011-04-15;Precipitation;pCi/l;;;;;;1.5;;;;;
TN;Knoxville;2011-04-26;2011-04-19;Precipitation;pCi/l;;;;;;;;;;;
TN;Knoxville;2011-05-24;2011-04-26;Precipitation;pCi/l;;;;;;;;;;;
TN;Knoxville;2011-05-24;2011-04-29;Precipitation;pCi/l;;;;;;;;;;;
MI;Lansing;2011-04-25;2011-04-11;Precipitation;pCi/l;;;;;;3.7;;;;;
AR;Little Rock;2011-05-24;2011-04-28;Precipitation;pCi/l;;;;;;;;;;;
AL;Montgomery/408;2011-04-26;2011-04-18;Precipitation;pCi/l;;;;;;;;;;;
TN;Nashville;2011-04-25;2011-04-14;Precipitation;pCi/l;;;;;;;;;;;
TN;Oak Ridge/K25;2011-04-26;2011-04-18;Precipitation;pCi/l;;;;;;;;;;;
TN;Oak Ridge/K25;2011-05-24;2011-04-28;Precipitation;pCi/l;;;;;;;;;;;
TN;Oak Ridge/K-25;2011-04-25;2011-04-14;Precipitation;pCi/l;;;;;;;;;;;
TN;Oak Ridge/Melton;2011-04-25;2011-04-14;Precipitation;pCi/l;;;;;;;;;;;
TN;Oak Ridge/Melton;2011-04-26;2011-04-18;Precipitation;pCi/l;;;;;;;;;;;
TN;Oak Ridge/Melton;2011-05-24;2011-04-28;Precipitation;pCi/l;;;;;;;;;;;
TN;Oak Ridge/Y12E;2011-04-26;2011-04-18;Precipitation;pCi/l;;;;;;;;;;;
TN;Oak Ridge/Y12E;2011-05-24;2011-04-28;Precipitation;pCi/l;;;;;;;;;;;
TN;Oak Ridge/Y-12E;2011-04-25;2011-04-14;Precipitation;pCi/l;;;;;;;;;;;
WA;Olympia;2011-04-25;2011-04-14;Precipitation;pCi/l;;;;;;6.1;;;;;
OH;Painesville;2011-05-24;2011-04-29;Precipitation;pCi/l;;;;;;;;;;;
OR;Portland;2011-05-24;2011-04-20;Precipitation;pCi/l;;;;;;;;;;;
CA;Richmond;2011-04-25;2011-04-14;Precipitation;pCi/l;;;8.9;;7.9;5.9;;;;;
CA;Richmond;2011-05-24;2011-04-28;Precipitation;pCi/l;;;6.6;;5.8;;;;;;
UT;Salt Lake City;2011-05-24;2011-04-14;Precipitation;pCi/l;;;;;;;;;;;
UT;Salt Lake City;2011-05-24;2011-04-28;Precipitation;pCi/l;;;;;;;;;;;
NY;Yaphank;2011-05-24;2011-04-28;Precipitation;pCi/l;;;;;;;;;;;
